{
  "train_loss": [
    1.1656195933827171,
    0.7040431216501363,
    0.6741127335493786,
    0.6651588697011191,
    0.6614311240095871,
    0.659259090056897,
    0.6576678480706786,
    0.6552838113985734,
    0.6551420203899435,
    0.6543970366931126,
    0.6535431999075423,
    0.6530786699771708,
    0.653099413233217
  ],
  "val_loss": [
    0.7205409325615586,
    0.677467357698302,
    0.6633201102765229,
    0.6605248237226157,
    0.6580839066769983,
    0.661156349048778,
    0.6585790933818498,
    0.6571609925782836,
    0.6586627423037373,
    0.6583843420204624,
    0.6581497190769696,
    0.6572010145834776,
    0.6576884945717598
  ],
  "train_context_acc": [
    80.47601788087472,
    98.62268938021022,
    99.39350006040836,
    99.6423825057388,
    99.75111755466956,
    99.8042769119246,
    99.85743626917966,
    99.91542829527606,
    99.92267729853812,
    99.92750996737948,
    99.96375498368974,
    99.96133864926907,
    99.96858765253111
  ],
  "train_severity_acc": [
    78.8643228222786,
    98.96580886794733,
    99.84535459707622,
    99.92750996737948,
    99.9395916394829,
    99.95892231484838,
    99.97583665579316,
    99.97825299021385,
    99.98791832789658,
    99.99516733115863,
    99.99516733115863,
    99.99275099673794,
    99.99516733115863
  ],
  "val_context_acc": [
    98.41001353179973,
    99.08660351826794,
    99.4023455119531,
    99.48128101037437,
    99.59404600811908,
    99.48128101037437,
    99.52638700947226,
    99.59404600811908,
    99.54894000902121,
    99.54894000902121,
    99.59404600811908,
    99.60532250789355,
    99.59404600811908
  ],
  "val_severity_acc": [
    97.75597654488047,
    99.69553450608932,
    99.81957600360847,
    99.83085250338294,
    99.81957600360847,
    99.83085250338294,
    99.85340550293189,
    99.84212900315742,
    99.84212900315742,
    99.84212900315742,
    99.85340550293189,
    99.85340550293189,
    99.84212900315742
  ],
  "learning_rate": [
    1.3333333333333333e-05,
    1.9932383577419432e-05,
    1.9396926207859085e-05,
    1.8354878114129368e-05,
    1.686241637868734e-05,
    1.5000000000000002e-05,
    1.2868032327110904e-05,
    1.0581448289104759e-05,
    8.263518223330698e-06,
    6.039202339608432e-06,
    4.028414082972141e-06,
    2.339555568810221e-06,
    1.0636735967658785e-06
  ],
  "epoch_time": [
    314.50995898246765,
    334.46746826171875,
    333.0293040275574,
    324.6013488769531,
    317.69725608825684,
    307.7973053455353,
    294.0987448692322,
    321.1723122596741,
    331.66726756095886,
    331.1732850074768,
    343.9683380126953,
    352.388463973999,
    344.29906034469604
  ]
}