{
  "train_loss": [
    1.709184123020546,
    1.4050809986451094,
    1.2717850792641734,
    1.244591080674938,
    1.2218177014706182
  ],
  "val_loss": [
    1.5131984165360255,
    1.2631578234677816,
    1.2098747248149049,
    1.198227825744376,
    1.1967636959328836
  ],
  "train_context_acc": [
    26.96078431372549,
    63.174019607843135,
    69.24019607843137,
    70.09803921568627,
    71.69117647058823
  ],
  "train_severity_acc": [
    34.43627450980392,
    36.029411764705884,
    35.47794117647059,
    36.029411764705884,
    35.72303921568628
  ],
  "val_context_acc": [
    59.11602209944752,
    68.50828729281768,
    75.13812154696133,
    74.86187845303867,
    74.58563535911603
  ],
  "val_severity_acc": [
    31.215469613259668,
    32.59668508287293,
    31.491712707182316,
    30.386740331491712,
    29.83425414364641
  ],
  "learning_rate": [
    1.9375990128440205e-05,
    1.4960517890090683e-05,
    8.233633855114127e-06,
    2.3298089512431744e-06,
    0.0
  ],
  "epoch_time": [
    7.249954700469971,
    6.699448823928833,
    6.498744249343872,
    6.494992733001709,
    6.910590648651123
  ]
}