{
  "train_loss": [
    0.9206565375117858
  ],
  "val_loss": [
    0.47844354118051213
  ],
  "train_context_acc": [
    77.06883217324054
  ],
  "train_severity_acc": [
    77.45311291569992
  ],
  "val_context_acc": [
    97.73342354533153
  ],
  "val_severity_acc": [
    97.30491655390166
  ],
  "learning_rate": [
    1.333677153171738e-05
  ],
  "epoch_time": [
    179.74443221092224
  ]
}