{
  "train_loss": [
    1.7738913952135573,
    1.5574197161431407,
    1.2904250177682615,
    1.2241324139576333,
    1.196781669177261,
    1.1881676538317811,
    1.1752443114916484,
    1.1716575271943037,
    1.170067873655581,
    1.168551204251308,
    1.1619628013349046
  ],
  "val_loss": [
    1.690363939954431,
    1.321417966600281,
    1.2094905613535676,
    1.1865308890685191,
    1.179425353503359,
    1.1768729963355302,
    1.1801698800608598,
    1.178652066552178,
    1.1782406601457964,
    1.1805292255970654,
    1.1820919684942257
  ],
  "train_context_acc": [
    17.034313725490197,
    49.754901960784316,
    69.36274509803921,
    71.44607843137256,
    72.85539215686273,
    73.34558823529412,
    73.71323529411765,
    74.26470588235294,
    73.65196078431373,
    73.8357843137255,
    74.26470588235294
  ],
  "train_severity_acc": [
    32.720588235294116,
    34.80392156862745,
    35.294117647058826,
    35.60049019607843,
    37.193627450980394,
    35.35539215686275,
    37.07107843137255,
    35.96813725490196,
    38.3578431372549,
    36.39705882352941,
    37.254901960784316
  ],
  "val_context_acc": [
    36.46408839779006,
    72.65193370165746,
    72.65193370165746,
    73.20441988950276,
    74.58563535911603,
    75.13812154696133,
    74.86187845303867,
    74.30939226519338,
    74.30939226519338,
    74.30939226519338,
    74.58563535911603
  ],
  "val_severity_acc": [
    32.59668508287293,
    32.32044198895028,
    32.59668508287293,
    33.42541436464088,
    34.530386740331494,
    35.35911602209944,
    32.87292817679558,
    30.662983425414364,
    30.662983425414364,
    31.215469613259668,
    31.215469613259668
  ],
  "learning_rate": [
    1.3421052631578948e-05,
    1.992981096013517e-05,
    1.9389975854749164e-05,
    1.834465585253047e-05,
    1.6850123033583687e-05,
    1.4986831680165168e-05,
    1.2855087229916232e-05,
    1.0569646593842433e-05,
    8.253540516858696e-06,
    6.03145053803262e-06,
    4.0229970846235275e-06
  ],
  "epoch_time": [
    7.21070122718811,
    6.742871522903442,
    6.991179943084717,
    6.769831418991089,
    7.105566501617432,
    7.430943489074707,
    7.039986610412598,
    7.138673543930054,
    6.740412950515747,
    6.6999287605285645,
    6.788738250732422
  ]
}