{
  "metrics": {
    "accuracy": 0.6569005397070162,
    "precision": 0.7121401752190237,
    "recall": 0.7257653061224489,
    "f1": 0.7188881869867341,
    "auc": 0.6840290209651112
  },
  "feature_importance": {
    "context_attribute": 5.990785598754883,
    "waf_none": 4.837448596954346,
    "context_attribute_escape": 4.274334907531738,
    "context_dom_sink": 4.230857849121094,
    "waf_f5": 4.144659996032715,
    "technique_index": 3.9421579837799072,
    "context_technique_alignment": 3.0624840259552,
    "context_template_injection": 3.0301249027252197,
    "context_event_handler": 2.661902904510498,
    "waf_modsecurity": 2.538581609725952,
    "tag_count": 2.498894214630127,
    "waf_sucuri": 2.463963747024536,
    "has_auto_trigger": 2.4098987579345703,
    "encoding_depth": 2.3171017169952393,
    "has_dom_sink": 2.3123204708099365,
    "context_tag_injection": 2.1575865745544434,
    "quote_count": 2.140855312347412,
    "waf_akamai": 2.111865520477295,
    "waf_aws_waf": 2.0771901607513428,
    "waf_imperva": 2.0384249687194824,
    "has_comment": 1.9979801177978516,
    "payload_length": 1.9929081201553345,
    "context_script_injection": 1.9926036596298218,
    "has_js_uri": 1.97870934009552,
    "waf_cloudflare": 1.9760832786560059,
    "technique_obfuscated": 1.9506007432937622,
    "event_handler_count": 1.8810945749282837,
    "context_js_uri": 1.8755344152450562,
    "technique_mutated": 1.8078069686889648,
    "special_char_diversity": 1.801122784614563,
    "waf_wordfence": 1.7617754936218262,
    "length_bucket": 1.759928822517395,
    "char_coverage_ratio": 1.6619236469268799,
    "severity_value": 1.5950067043304443,
    "has_eval": 1.38037109375,
    "technique_original": 1.278238296508789
  },
  "training_samples": 8643,
  "data_split": {
    "train": 6050,
    "val": 1296,
    "test": 1297
  },
  "best_iteration": 49,
  "best_score": 0.6805071149553571
}