{
  "metrics": {
    "accuracy": 0.6233333333333333,
    "precision": 0.6805251641137856,
    "recall": 0.6170634920634921,
    "f1": 0.6472424557752341,
    "auc": 0.6898498877665544
  },
  "feature_importance": {
    "waf_none": 4.849545001983643,
    "context_attribute": 4.225860595703125,
    "context_dom_sink": 4.180568695068359,
    "context_attribute_escape": 3.7117559909820557,
    "waf_f5": 3.5800704956054688,
    "has_dom_sink": 2.637227773666382,
    "context_technique_alignment": 2.6219871044158936,
    "context_template_injection": 2.5904393196105957,
    "encoding_depth": 2.4200968742370605,
    "technique_obfuscated": 2.330305337905884,
    "technique_index": 2.327942371368408,
    "waf_sucuri": 2.2728335857391357,
    "has_auto_trigger": 2.145728349685669,
    "waf_akamai": 2.1120080947875977,
    "waf_cloudflare": 2.0997276306152344,
    "payload_length": 2.0827255249023438,
    "context_tag_injection": 2.0612239837646484,
    "waf_modsecurity": 2.0360519886016846,
    "has_comment": 1.938256025314331,
    "quote_count": 1.9001363515853882,
    "waf_wordfence": 1.8998427391052246,
    "waf_imperva": 1.8644126653671265,
    "special_char_diversity": 1.8639824390411377,
    "waf_aws_waf": 1.8633320331573486,
    "context_js_uri": 1.8482080698013306,
    "tag_count": 1.8244725465774536,
    "has_js_uri": 1.7721651792526245,
    "technique_original": 1.7281699180603027,
    "event_handler_count": 1.6601201295852661,
    "length_bucket": 1.5959802865982056,
    "char_coverage_ratio": 1.590958595275879,
    "technique_mutated": 1.5726083517074585,
    "severity_value": 1.4026665687561035,
    "context_event_handler": 1.3960691690444946,
    "context_script_injection": 1.2317456007003784,
    "has_eval": 1.126918911933899
  },
  "training_samples": 6000,
  "data_split": {
    "train": 4200,
    "val": 900,
    "test": 900
  },
  "best_iteration": 95,
  "best_score": 0.6985361574132096
}